{
  "onnx": {
    "meta": {
      "in_keys": ["policy"],
      "out_keys": ["actions"],
      "in_shapes": [[[1, 78]]]
    },
    "path": "./examples/checkpoints/asimov/policy.onnx"
  },
  "obs_config": {
    "policy": [
      {
        "name": "AsimovVelocityObs"
      }
    ]
  },
  "policy_joint_names": [
    "left_hip_pitch_joint",
    "left_hip_roll_joint",
    "left_hip_yaw_joint",
    "left_knee_joint",
    "left_ankle_pitch_joint",
    "left_ankle_roll_joint",
    "right_hip_pitch_joint",
    "right_hip_roll_joint",
    "right_hip_yaw_joint",
    "right_knee_joint",
    "right_ankle_pitch_joint",
    "right_ankle_roll_joint",
    "waist_yaw_joint",
    "right_shoulder_pitch_joint",
    "right_shoulder_roll_joint",
    "right_shoulder_yaw_joint",
    "right_elbow_joint",
    "right_wrist_yaw_joint",
    "left_shoulder_pitch_joint",
    "left_shoulder_roll_joint",
    "left_shoulder_yaw_joint",
    "left_elbow_joint",
    "left_wrist_yaw_joint"
  ],
  "action_scale": [
    0.3076923077, 0.25, 0.1197916667, 0.1947674419, 0.0954545455, 0.0954545455,
    0.3076923077, 0.25, 0.1197916667, 0.1947674419, 0.0954545455, 0.0954545455,
    0.3076923077,
    0.25, 0.1947674419, 0.1197916667, 0.1909090909, 0.1909090909,
    0.25, 0.1947674419, 0.1197916667, 0.1909090909, 0.1909090909
  ],
  "stiffness": [
    65.0, 57.0, 96.0, 86.0, 110.0, 110.0,
    65.0, 57.0, 96.0, 86.0, 110.0, 110.0,
    65.0,
    57.0, 86.0, 96.0, 55.0, 55.0,
    57.0, 86.0, 96.0, 55.0, 55.0
  ],
  "damping": [
    5.0, 5.0, 5.0, 5.0, 5.0, 5.0,
    5.0, 5.0, 5.0, 5.0, 5.0, 5.0,
    5.0,
    5.0, 5.0, 5.0, 5.0, 5.0,
    5.0, 5.0, 5.0, 5.0, 5.0
  ],
  "default_joint_pos": [
    -0.28, 0.0, 0.0, 0.6, -0.32, 0.0,
     0.28, 0.0, 0.0, -0.6, 0.32, 0.0,
     0.0,
     0.25, 0.05, 0.0, -0.4, 0.0,
    -0.25, -0.05, 0.0, 0.4, 0.0
  ],
  "control_type": "joint_position",
  "robot_type": "asimov_velocity",
  "scene": "asimov/asimov_full.xml",
  "dc_motor": {
    "joint_motor_types": [
      "EC-A6416", "EC-A5013", "EC-A3814", "EC-A4315", "EC-A4310", "EC-A4310",
      "EC-A6416", "EC-A5013", "EC-A3814", "EC-A4315", "EC-A4310", "EC-A4310",
      "EC-A6416",
      "EC-A5013", "EC-A4315", "EC-A3814", "EC-A4310", "EC-A4310",
      "EC-A5013", "EC-A4315", "EC-A3814", "EC-A4310", "EC-A4310"
    ],
    "motors": {
      "EC-A6416": { "Y1": 80.0, "Y2": 80.0, "X1": 0.0, "X2": 12.57, "Fs": 0.70, "Fd": 0.050, "Va": 0.01, "effort_limit": 80.0 },
      "EC-A5013": { "Y1": 57.0, "Y2": 57.0, "X1": 0.0, "X2": 3.98, "Fs": 0.20, "Fd": 0.020, "Va": 0.01, "effort_limit": 57.0 },
      "EC-A3814": { "Y1": 46.0, "Y2": 46.0, "X1": 0.0, "X2": 5.45, "Fs": 0.70, "Fd": 0.050, "Va": 0.01, "effort_limit": 46.0 },
      "EC-A4315": { "Y1": 67.0, "Y2": 67.0, "X1": 0.0, "X2": 12.25, "Fs": 0.70, "Fd": 0.020, "Va": 0.01, "effort_limit": 67.0 },
      "EC-A4310": { "Y1": 42.0, "Y2": 42.0, "X1": 0.0, "X2": 9.32, "Fs": 0.40, "Fd": 0.015, "Va": 0.01, "effort_limit": 42.0 }
    }
  }
}
